crawl_target_id,tag_id,created_at
CT-0001,RG-04-01,2026-07-15T00:00:00Z
CT-0001,AT-07,2026-07-15T00:00:00Z
CT-0002,RG-04-01,2026-07-15T00:00:00Z
CT-0002,AT-09-03,2026-07-15T00:00:00Z
CT-0003,RG-04-01,2026-07-15T00:00:00Z
CT-0003,AT-09-03,2026-07-15T00:00:00Z
CT-0004,RG-04-01,2026-07-15T00:00:00Z
CT-0004,AT-09-03,2026-07-15T00:00:00Z
CT-0005,RG-04-01,2026-07-15T00:00:00Z
CT-0005,AT-09-03,2026-07-15T00:00:00Z
CT-0006,RG-04-01,2026-07-15T00:00:00Z
CT-0006,AT-09-03,2026-07-15T00:00:00Z
CT-0007,RG-03-06,2026-07-15T00:00:00Z
CT-0007,AT-07,2026-07-15T00:00:00Z
CT-0008,RG-03-06,2026-07-15T00:00:00Z
CT-0008,AT-07,2026-07-15T00:00:00Z
CT-0009,RG-03-03,2026-07-15T00:00:00Z
CT-0009,AT-07,2026-07-15T00:00:00Z
CT-0010,RG-03-01,2026-07-15T00:00:00Z
CT-0010,AT-07,2026-07-15T00:00:00Z
CT-0011,RG-03-01,2026-07-15T00:00:00Z
CT-0011,AT-07,2026-07-15T00:00:00Z
CT-0012,RG-01,2026-07-15T00:00:00Z
CT-0012,AT-07,2026-07-15T00:00:00Z
CT-0013,RG-01,2026-07-15T00:00:00Z
CT-0013,AT-07,2026-07-15T00:00:00Z
CT-0014,RG-04-02,2026-07-15T00:00:00Z
CT-0014,AT-09-03,2026-07-15T00:00:00Z
CT-0015,RG-01,2026-07-15T00:00:00Z
CT-0015,AT-07,2026-07-15T00:00:00Z
CT-0016,RG-01,2026-07-15T00:00:00Z
CT-0016,AT-07,2026-07-15T00:00:00Z
CT-0017,RG-04-02,2026-07-15T00:00:00Z
CT-0017,AT-09-03,2026-07-15T00:00:00Z
CT-0018,RG-01,2026-07-15T00:00:00Z
CT-0018,AT-07,2026-07-15T00:00:00Z
CT-0019,RG-01,2026-07-15T00:00:00Z
CT-0019,AT-07,2026-07-15T00:00:00Z
CT-0020,RG-04-02,2026-07-15T00:00:00Z
CT-0020,AT-09-03,2026-07-15T00:00:00Z
CT-0021,RG-04-02,2026-07-15T00:00:00Z
CT-0021,AT-09-03,2026-07-15T00:00:00Z
CT-0022,RG-04-02,2026-07-15T00:00:00Z
CT-0022,AT-09-03,2026-07-15T00:00:00Z
CT-0023,RG-01,2026-07-15T00:00:00Z
CT-0023,AT-07,2026-07-15T00:00:00Z
CT-0024,RG-01,2026-07-15T00:00:00Z
CT-0024,AT-07,2026-07-15T00:00:00Z
CT-0025,RG-01,2026-07-15T00:00:00Z
CT-0025,AT-07,2026-07-15T00:00:00Z
CT-0026,RG-01,2026-07-15T00:00:00Z
CT-0026,AT-07,2026-07-15T00:00:00Z
CT-0027,RG-04-02,2026-07-15T00:00:00Z
CT-0027,AT-09-03,2026-07-15T00:00:00Z
CT-0028,RG-04-01,2026-07-15T00:00:00Z
CT-0028,AT-09-03,2026-07-15T00:00:00Z
CT-0029,RG-01,2026-07-15T00:00:00Z
CT-0029,AT-07,2026-07-15T00:00:00Z
CT-0030,RG-01,2026-07-15T00:00:00Z
CT-0030,AT-07,2026-07-15T00:00:00Z
CT-0031,RG-03-03,2026-07-15T00:00:00Z
CT-0031,AT-07,2026-07-15T00:00:00Z
CT-0032,RG-01,2026-07-15T00:00:00Z
CT-0032,AT-07,2026-07-15T00:00:00Z
CT-0033,RG-01,2026-07-15T00:00:00Z
CT-0033,AT-07,2026-07-15T00:00:00Z
CT-0034,RG-01,2026-07-15T00:00:00Z
CT-0034,AT-07,2026-07-15T00:00:00Z
CT-0035,RG-01,2026-07-15T00:00:00Z
CT-0035,AT-07,2026-07-15T00:00:00Z
CT-0036,RG-04-02,2026-07-15T00:00:00Z
CT-0036,AT-09-03,2026-07-15T00:00:00Z
CT-0037,RG-04-01,2026-07-15T00:00:00Z
CT-0037,AT-09-03,2026-07-15T00:00:00Z
CT-0038,RG-04-02,2026-07-15T00:00:00Z
CT-0038,AT-01,2026-07-15T00:00:00Z
CT-0039,RG-02-01,2026-07-15T00:00:00Z
CT-0039,AT-01,2026-07-15T00:00:00Z
CT-0040,RG-04-03,2026-07-15T00:00:00Z
CT-0040,AT-01,2026-07-15T00:00:00Z
CT-0041,RG-04-02,2026-07-15T00:00:00Z
CT-0041,AT-09-03,2026-07-15T00:00:00Z
CT-0042,RG-04-03,2026-07-15T00:00:00Z
CT-0042,AT-09-03,2026-07-15T00:00:00Z
CT-0043,RG-04-01,2026-07-15T00:00:00Z
CT-0043,AT-09-03,2026-07-15T00:00:00Z
CT-0044,RG-04-02,2026-07-15T00:00:00Z
CT-0044,AT-09-03,2026-07-15T00:00:00Z
CT-0045,RG-04-01,2026-07-15T00:00:00Z
CT-0045,AT-09-03,2026-07-15T00:00:00Z
CT-0046,RG-01,2026-07-15T00:00:00Z
CT-0046,AT-05,2026-07-15T00:00:00Z
CT-0047,RG-04-01,2026-07-15T00:00:00Z
CT-0047,AT-05,2026-07-15T00:00:00Z
CT-0048,RG-03-06,2026-07-15T00:00:00Z
CT-0048,AT-05,2026-07-15T00:00:00Z
CT-0049,RG-01,2026-07-15T00:00:00Z
CT-0049,AT-05,2026-07-15T00:00:00Z
CT-0050,RG-01,2026-07-15T00:00:00Z
CT-0050,AT-05,2026-07-15T00:00:00Z
CT-0051,RG-01,2026-07-15T00:00:00Z
CT-0051,AT-05,2026-07-15T00:00:00Z
CT-0052,RG-01,2026-07-15T00:00:00Z
CT-0052,AT-05,2026-07-15T00:00:00Z
CT-0053,RG-01,2026-07-15T00:00:00Z
CT-0053,AT-05,2026-07-15T00:00:00Z
CT-0054,RG-03-03,2026-07-15T00:00:00Z
CT-0054,AT-07,2026-07-15T00:00:00Z
CT-0055,RG-04-02,2026-07-15T00:00:00Z
CT-0055,AT-07,2026-07-15T00:00:00Z
CT-0056,RG-03-06,2026-07-15T00:00:00Z
CT-0056,AT-07,2026-07-15T00:00:00Z
CT-0057,RG-01,2026-07-15T00:00:00Z
CT-0057,AT-07,2026-07-15T00:00:00Z
CT-0058,RG-01,2026-07-15T00:00:00Z
CT-0058,AT-07,2026-07-15T00:00:00Z
CT-0059,RG-01,2026-07-15T00:00:00Z
CT-0059,AT-07,2026-07-15T00:00:00Z
CT-0060,RG-01,2026-07-15T00:00:00Z
CT-0060,AT-07,2026-07-15T00:00:00Z
CT-0061,RG-01,2026-07-15T00:00:00Z
CT-0061,AT-07,2026-07-15T00:00:00Z
