tag_axis,tag_level,tag_major_name,tag_name,tag_id,parent_tag_id
テーマ,大分類,水,水,TH-01,
テーマ,小分類,水,取水規制,TH-01-01,TH-01
テーマ,小分類,水,水ストレス,TH-01-02,TH-01
テーマ,小分類,水,干ばつ,TH-01-03,TH-01
テーマ,小分類,水,洪水,TH-01-04,TH-01
テーマ,小分類,水,水質・汚染,TH-01-05,TH-01
テーマ,小分類,水,排水管理,TH-01-06,TH-01
テーマ,小分類,水,流域管理,TH-01-07,TH-01
テーマ,小分類,水,水アクセス,TH-01-08,TH-01
テーマ,小分類,水,ウォータースチュワードシップ,TH-01-09,TH-01
テーマ,小分類,水,水目標・KPI,TH-01-10,TH-01
テーマ,小分類,水,水リスク評価,TH-01-11,TH-01
テーマ,大分類,気候変動・GHG,気候変動・GHG,TH-02,
テーマ,小分類,気候変動・GHG,Scope1・2,TH-02-01,TH-02
テーマ,小分類,気候変動・GHG,Scope3,TH-02-02,TH-02
テーマ,小分類,気候変動・GHG,排出削減目標,TH-02-03,TH-02
テーマ,小分類,気候変動・GHG,SBT・SBTi,TH-02-04,TH-02
テーマ,小分類,気候変動・GHG,再生可能エネルギー,TH-02-05,TH-02
テーマ,小分類,気候変動・GHG,エネルギー効率,TH-02-06,TH-02
テーマ,小分類,気候変動・GHG,カーボンプライシング,TH-02-07,TH-02
テーマ,小分類,気候変動・GHG,ETS,TH-02-08,TH-02
テーマ,小分類,気候変動・GHG,CBAM,TH-02-09,TH-02
テーマ,小分類,気候変動・GHG,気候移行計画,TH-02-10,TH-02
テーマ,小分類,気候変動・GHG,気候適応,TH-02-11,TH-02
テーマ,小分類,気候変動・GHG,気候技術,TH-02-12,TH-02
テーマ,小分類,気候変動・GHG,気候開示,TH-02-13,TH-02
テーマ,大分類,容器包装,容器包装,TH-03,
テーマ,小分類,容器包装,PPWR,TH-03-01,TH-03
テーマ,小分類,容器包装,EPR,TH-03-02,TH-03
テーマ,小分類,容器包装,DRS,TH-03-03,TH-03
テーマ,小分類,容器包装,リサイクル,TH-03-04,TH-03
テーマ,小分類,容器包装,再生材,TH-03-05,TH-03
テーマ,小分類,容器包装,リユース・リフィル,TH-03-06,TH-03
テーマ,小分類,容器包装,容器削減,TH-03-07,TH-03
テーマ,小分類,容器包装,PET,TH-03-08,TH-03
テーマ,小分類,容器包装,缶・アルミ,TH-03-09,TH-03
テーマ,小分類,容器包装,ガラス,TH-03-10,TH-03
テーマ,小分類,容器包装,紙・紙容器,TH-03-11,TH-03
テーマ,小分類,容器包装,バイオ素材,TH-03-12,TH-03
テーマ,小分類,容器包装,包装表示,TH-03-13,TH-03
テーマ,小分類,容器包装,プラスチック規制,TH-03-14,TH-03
テーマ,小分類,容器包装,容器目標・KPI,TH-03-15,TH-03
テーマ,大分類,原料調達,原料調達,TH-04,
テーマ,小分類,原料調達,持続可能な農業,TH-04-01,TH-04
テーマ,小分類,原料調達,再生農業,TH-04-02,TH-04
テーマ,小分類,原料調達,森林破壊,TH-04-03,TH-04
テーマ,小分類,原料調達,EUDR,TH-04-04,TH-04
テーマ,小分類,原料調達,トレーサビリティ,TH-04-05,TH-04
テーマ,小分類,原料調達,認証,TH-04-06,TH-04
テーマ,小分類,原料調達,農家支援,TH-04-07,TH-04
テーマ,小分類,原料調達,原料価格・供給,TH-04-08,TH-04
テーマ,小分類,原料調達,気候影響,TH-04-09,TH-04
テーマ,小分類,原料調達,土壌,TH-04-10,TH-04
テーマ,小分類,原料調達,農薬・肥料,TH-04-11,TH-04
テーマ,小分類,原料調達,品目別原料,TH-04-12,TH-04
テーマ,小分類,原料調達,調達目標・KPI,TH-04-13,TH-04
テーマ,大分類,生物多様性,生物多様性,TH-05,
テーマ,小分類,生物多様性,TNFD,TH-05-01,TH-05
テーマ,小分類,生物多様性,SBTN,TH-05-02,TH-05
テーマ,小分類,生物多様性,自然資本,TH-05-03,TH-05
テーマ,小分類,生物多様性,生態系保全,TH-05-04,TH-05
テーマ,小分類,生物多様性,保護地域,TH-05-05,TH-05
テーマ,小分類,生物多様性,種・絶滅リスク,TH-05-06,TH-05
テーマ,小分類,生物多様性,自然再生,TH-05-07,TH-05
テーマ,小分類,生物多様性,土地利用,TH-05-08,TH-05
テーマ,小分類,生物多様性,遺伝資源,TH-05-09,TH-05
テーマ,小分類,生物多様性,生物多様性目標・KPI,TH-05-10,TH-05
テーマ,大分類,人権,人権,TH-06,
テーマ,小分類,人権,人権DD,TH-06-01,TH-06
テーマ,小分類,人権,CSDDD,TH-06-02,TH-06
テーマ,小分類,人権,強制労働,TH-06-03,TH-06
テーマ,小分類,人権,児童労働,TH-06-04,TH-06
テーマ,小分類,人権,生活賃金,TH-06-05,TH-06
テーマ,小分類,人権,労働安全衛生,TH-06-06,TH-06
テーマ,小分類,人権,移民労働者,TH-06-07,TH-06
テーマ,小分類,人権,結社の自由,TH-06-08,TH-06
テーマ,小分類,人権,救済・苦情処理,TH-06-09,TH-06
テーマ,小分類,人権,先住民・地域社会,TH-06-10,TH-06
テーマ,小分類,人権,人権ベンチマーク,TH-06-11,TH-06
テーマ,大分類,健康,健康,TH-07,
テーマ,小分類,健康,アルコール規制,TH-07-01,TH-07
テーマ,小分類,健康,アルコール健康影響,TH-07-02,TH-07
テーマ,小分類,健康,健康警告表示,TH-07-03,TH-07
テーマ,小分類,健康,広告・販売制限,TH-07-04,TH-07
テーマ,小分類,健康,砂糖税,TH-07-05,TH-07
テーマ,小分類,健康,糖分削減,TH-07-06,TH-07
テーマ,小分類,健康,HFSS,TH-07-07,TH-07
テーマ,小分類,健康,UPF,TH-07-08,TH-07
テーマ,小分類,健康,栄養表示,TH-07-09,TH-07
テーマ,小分類,健康,製品ポートフォリオ,TH-07-10,TH-07
テーマ,小分類,健康,健康訴訟,TH-07-11,TH-07
テーマ,小分類,健康,公衆衛生政策,TH-07-12,TH-07
テーマ,大分類,人的資本,人的資本,TH-08,
テーマ,小分類,人的資本,人的資本開示,TH-08-01,TH-08
テーマ,小分類,人的資本,賃金・報酬,TH-08-02,TH-08
テーマ,小分類,人的資本,賃金透明性,TH-08-03,TH-08
テーマ,小分類,人的資本,DEI,TH-08-04,TH-08
テーマ,小分類,人的資本,ジェンダー,TH-08-05,TH-08
テーマ,小分類,人的資本,人材育成,TH-08-06,TH-08
テーマ,小分類,人的資本,従業員エンゲージメント,TH-08-07,TH-08
テーマ,小分類,人的資本,雇用・人員,TH-08-08,TH-08
テーマ,小分類,人的資本,柔軟な働き方,TH-08-09,TH-08
テーマ,小分類,人的資本,従業員ウェルビーイング,TH-08-10,TH-08
テーマ,小分類,人的資本,人的資本評価,TH-08-11,TH-08
テーマ,大分類,責任あるマーケティング,責任あるマーケティング,TH-09,
テーマ,小分類,責任あるマーケティング,環境表示,TH-09-01,TH-09
テーマ,小分類,責任あるマーケティング,グリーンクレーム,TH-09-02,TH-09
テーマ,小分類,責任あるマーケティング,グリーンウォッシュ,TH-09-03,TH-09
テーマ,小分類,責任あるマーケティング,広告規制,TH-09-04,TH-09
テーマ,小分類,責任あるマーケティング,広告自主規制,TH-09-05,TH-09
テーマ,小分類,責任あるマーケティング,デジタル広告,TH-09-06,TH-09
テーマ,小分類,責任あるマーケティング,インフルエンサー,TH-09-07,TH-09
テーマ,小分類,責任あるマーケティング,未成年者保護,TH-09-08,TH-09
テーマ,小分類,責任あるマーケティング,健康訴求,TH-09-09,TH-09
テーマ,小分類,責任あるマーケティング,責任ある飲酒,TH-09-10,TH-09
テーマ,小分類,責任あるマーケティング,商品ラベル・表示,TH-09-11,TH-09
テーマ,小分類,責任あるマーケティング,マーケティング訴訟・処分,TH-09-12,TH-09
横断,大分類,情報開示,情報開示,CR-01,
横断,大分類,ESG評価・サステナブルファイナンス,ESG評価・サステナブルファイナンス,CR-02,
横断,大分類,地政学・マクロ規制環境,地政学・マクロ規制環境,CR-03,
横断,大分類,エンフォースメント・訴訟,エンフォースメント・訴訟,CR-04,
横断,大分類,グリーンウォッシュ,グリーンウォッシュ,CR-05,
横断,大分類,サプライチェーンDD,サプライチェーンDD,CR-06,
横断,大分類,物理的環境イベント,物理的環境イベント,CR-07,
マテリアリティ接続,大分類,A,A,MT-A,
マテリアリティ接続,大分類,B,B,MT-B,
マテリアリティ接続,大分類,C,C,MT-C,
マテリアリティ接続,大分類,D,D,MT-D,
マテリアリティ接続,大分類,E,E,MT-E,
マテリアリティ接続,大分類,F,F,MT-F,
マテリアリティ接続,大分類,G,G,MT-G,
マテリアリティ接続,大分類,H,H,MT-H,
マテリアリティ接続,大分類,I,I,MT-I,
情報属性,大分類,一次情報,一次情報,IA-01,
情報属性,大分類,解釈・分析,解釈・分析,IA-02,
情報属性,大分類,一次情報・解釈混在,一次情報・解釈混在,IA-03,
情報属性,大分類,データベース,データベース,IA-04,
情報属性,大分類,要一次照合,要一次照合,IA-05,
主体,大分類,競合企業,競合企業,SJ-01,
主体,小分類,競合企業,AB InBev,SJ-01-01,SJ-01
主体,小分類,競合企業,Heineken,SJ-01-02,SJ-01
主体,小分類,競合企業,Carlsberg,SJ-01-03,SJ-01
主体,小分類,競合企業,Molson Coors,SJ-01-04,SJ-01
主体,小分類,競合企業,Sapporo Holdings,SJ-01-05,SJ-01
主体,小分類,競合企業,Diageo,SJ-01-06,SJ-01
主体,小分類,競合企業,Pernod Ricard,SJ-01-07,SJ-01
主体,小分類,競合企業,Brown-Forman,SJ-01-08,SJ-01
主体,小分類,競合企業,Bacardi,SJ-01-09,SJ-01
主体,小分類,競合企業,The Coca-Cola Company,SJ-01-10,SJ-01
主体,小分類,競合企業,PepsiCo,SJ-01-11,SJ-01
主体,小分類,競合企業,Keurig Dr Pepper,SJ-01-12,SJ-01
主体,小分類,競合企業,Asahi Group Holdings,SJ-01-13,SJ-01
主体,小分類,競合企業,Kirin Holdings,SJ-01-14,SJ-01
主体,小分類,競合企業,ITO EN,SJ-01-15,SJ-01
主体,小分類,競合企業,Coca-Cola Europacific Partners,SJ-01-16,SJ-01
主体,小分類,競合企業,Nestle,SJ-01-17,SJ-01
主体,小分類,競合企業,Danone,SJ-01-18,SJ-01
主体,小分類,競合企業,Unilever,SJ-01-19,SJ-01
主体,小分類,競合企業,Mondelez International,SJ-01-20,SJ-01
主体,大分類,その他企業,その他企業,SJ-02,
主体,小分類,その他企業,食品・飲料企業,SJ-02-01,SJ-02
主体,小分類,その他企業,酒類企業,SJ-02-02,SJ-02
主体,小分類,その他企業,FMCG企業,SJ-02-03,SJ-02
主体,小分類,その他企業,外食企業,SJ-02-04,SJ-02
主体,小分類,その他企業,小売企業,SJ-02-05,SJ-02
主体,小分類,その他企業,EC・プラットフォーム企業,SJ-02-06,SJ-02
主体,大分類,バリューチェーン企業,バリューチェーン企業,SJ-03,
主体,小分類,バリューチェーン企業,農業・原料生産,SJ-03-01,SJ-03
主体,小分類,バリューチェーン企業,原料加工,SJ-03-02,SJ-03
主体,小分類,バリューチェーン企業,素材・化学,SJ-03-03,SJ-03
主体,小分類,バリューチェーン企業,容器・包装,SJ-03-04,SJ-03
主体,小分類,バリューチェーン企業,製造設備,SJ-03-05,SJ-03
主体,小分類,バリューチェーン企業,物流・倉庫,SJ-03-06,SJ-03
主体,小分類,バリューチェーン企業,商社,SJ-03-07,SJ-03
主体,小分類,バリューチェーン企業,卸売,SJ-03-08,SJ-03
主体,小分類,バリューチェーン企業,小売,SJ-03-09,SJ-03
主体,小分類,バリューチェーン企業,外食,SJ-03-10,SJ-03
主体,小分類,バリューチェーン企業,廃棄物処理,SJ-03-11,SJ-03
主体,小分類,バリューチェーン企業,リサイクル,SJ-03-12,SJ-03
主体,小分類,バリューチェーン企業,エネルギー・ユーティリティ,SJ-03-13,SJ-03
主体,小分類,バリューチェーン企業,IT・データ,SJ-03-14,SJ-03
主体,小分類,バリューチェーン企業,認証・監査,SJ-03-15,SJ-03
主体,小分類,バリューチェーン企業,コンサルティング,SJ-03-16,SJ-03
主体,大分類,規制当局・政府,規制当局・政府,SJ-04,
主体,小分類,規制当局・政府,国際・超国家機関,SJ-04-01,SJ-04
主体,小分類,規制当局・政府,中央政府,SJ-04-02,SJ-04
主体,小分類,規制当局・政府,省庁,SJ-04-03,SJ-04
主体,小分類,規制当局・政府,規制当局,SJ-04-04,SJ-04
主体,小分類,規制当局・政府,執行機関,SJ-04-05,SJ-04
主体,小分類,規制当局・政府,地方政府,SJ-04-06,SJ-04
主体,小分類,規制当局・政府,州政府,SJ-04-07,SJ-04
主体,小分類,規制当局・政府,自治体,SJ-04-08,SJ-04
主体,小分類,規制当局・政府,司法機関,SJ-04-09,SJ-04
主体,小分類,規制当局・政府,議会,SJ-04-10,SJ-04
主体,小分類,規制当局・政府,欧州委員会,SJ-04-11,SJ-04
主体,小分類,規制当局・政府,欧州議会,SJ-04-12,SJ-04
主体,小分類,規制当局・政府,米国EPA,SJ-04-13,SJ-04
主体,小分類,規制当局・政府,米国SEC,SJ-04-14,SJ-04
主体,小分類,規制当局・政府,米国FTC,SJ-04-15,SJ-04
主体,小分類,規制当局・政府,英国CMA,SJ-04-16,SJ-04
主体,小分類,規制当局・政府,英国ASA,SJ-04-17,SJ-04
主体,小分類,規制当局・政府,環境省,SJ-04-18,SJ-04
主体,小分類,規制当局・政府,経済産業省,SJ-04-19,SJ-04
主体,小分類,規制当局・政府,農林水産省,SJ-04-20,SJ-04
主体,小分類,規制当局・政府,消費者庁,SJ-04-21,SJ-04
主体,大分類,国際機関,国際機関,SJ-05,
主体,小分類,国際機関,国際連合,SJ-05-01,SJ-05
主体,小分類,国際機関,WHO,SJ-05-02,SJ-05
主体,小分類,国際機関,ILO,SJ-05-03,SJ-05
主体,小分類,国際機関,FAO,SJ-05-04,SJ-05
主体,小分類,国際機関,UNEP,SJ-05-05,SJ-05
主体,小分類,国際機関,UNDP,SJ-05-06,SJ-05
主体,小分類,国際機関,UNICEF,SJ-05-07,SJ-05
主体,小分類,国際機関,UNFCCC,SJ-05-08,SJ-05
主体,小分類,国際機関,OECD,SJ-05-09,SJ-05
主体,小分類,国際機関,世界銀行,SJ-05-10,SJ-05
主体,小分類,国際機関,IMF,SJ-05-11,SJ-05
主体,小分類,国際機関,IFC,SJ-05-12,SJ-05
主体,大分類,基準設定機関,基準設定機関,SJ-06,
主体,小分類,基準設定機関,ISSB,SJ-06-01,SJ-06
主体,小分類,基準設定機関,IFRS Foundation,SJ-06-02,SJ-06
主体,小分類,基準設定機関,GRI,SJ-06-03,SJ-06
主体,小分類,基準設定機関,EFRAG,SJ-06-04,SJ-06
主体,小分類,基準設定機関,SSBJ,SJ-06-05,SJ-06
主体,小分類,基準設定機関,SBTi,SJ-06-06,SJ-06
主体,小分類,基準設定機関,GHG Protocol,SJ-06-07,SJ-06
主体,小分類,基準設定機関,TNFD,SJ-06-08,SJ-06
主体,小分類,基準設定機関,SBTN,SJ-06-09,SJ-06
主体,小分類,基準設定機関,CDP,SJ-06-10,SJ-06
主体,小分類,基準設定機関,ISO,SJ-06-11,SJ-06
主体,小分類,基準設定機関,WBCSD,SJ-06-12,SJ-06
主体,大分類,業界団体・イニシアチブ,業界団体・イニシアチブ,SJ-07,
主体,小分類,業界団体・イニシアチブ,飲料業界団体,SJ-07-01,SJ-07
主体,小分類,業界団体・イニシアチブ,酒類業界団体,SJ-07-02,SJ-07
主体,小分類,業界団体・イニシアチブ,食品業界団体,SJ-07-03,SJ-07
主体,小分類,業界団体・イニシアチブ,包装業界団体,SJ-07-04,SJ-07
主体,小分類,業界団体・イニシアチブ,広告自主規制団体,SJ-07-05,SJ-07
主体,小分類,業界団体・イニシアチブ,農業・原料イニシアチブ,SJ-07-06,SJ-07
主体,小分類,業界団体・イニシアチブ,水関連イニシアチブ,SJ-07-07,SJ-07
主体,小分類,業界団体・イニシアチブ,気候関連イニシアチブ,SJ-07-08,SJ-07
主体,小分類,業界団体・イニシアチブ,人権・労働イニシアチブ,SJ-07-09,SJ-07
主体,小分類,業界団体・イニシアチブ,投資家イニシアチブ,SJ-07-10,SJ-07
主体,小分類,業界団体・イニシアチブ,IARD,SJ-07-11,SJ-07
主体,小分類,業界団体・イニシアチブ,WBCSD,SJ-07-12,SJ-07
主体,小分類,業界団体・イニシアチブ,Consumer Goods Forum,SJ-07-13,SJ-07
主体,小分類,業界団体・イニシアチブ,CEO Water Mandate,SJ-07-14,SJ-07
主体,小分類,業界団体・イニシアチブ,Alliance for Water Stewardship,SJ-07-15,SJ-07
主体,小分類,業界団体・イニシアチブ,Water Resilience Coalition,SJ-07-16,SJ-07
主体,小分類,業界団体・イニシアチブ,Bonsucro,SJ-07-17,SJ-07
主体,小分類,業界団体・イニシアチブ,RSPO,SJ-07-18,SJ-07
主体,小分類,業界団体・イニシアチブ,SAI Platform,SJ-07-19,SJ-07
主体,小分類,業界団体・イニシアチブ,Ethical Tea Partnership,SJ-07-20,SJ-07
主体,小分類,業界団体・イニシアチブ,EU Pledge,SJ-07-21,SJ-07
主体,小分類,業界団体・イニシアチブ,CFBAI,SJ-07-22,SJ-07
主体,小分類,業界団体・イニシアチブ,Portman Group,SJ-07-23,SJ-07
主体,大分類,NGO・市民団体,NGO・市民団体,SJ-08,
主体,小分類,NGO・市民団体,環境NGO,SJ-08-01,SJ-08
主体,小分類,NGO・市民団体,人権NGO,SJ-08-02,SJ-08
主体,小分類,NGO・市民団体,消費者団体,SJ-08-03,SJ-08
主体,小分類,NGO・市民団体,公衆衛生団体,SJ-08-04,SJ-08
主体,小分類,NGO・市民団体,労働団体,SJ-08-05,SJ-08
主体,小分類,NGO・市民団体,地域社会団体,SJ-08-06,SJ-08
主体,小分類,NGO・市民団体,動物福祉団体,SJ-08-07,SJ-08
主体,小分類,NGO・市民団体,監視・評価団体,SJ-08-08,SJ-08
主体,小分類,NGO・市民団体,WWF,SJ-08-09,SJ-08
主体,小分類,NGO・市民団体,Greenpeace,SJ-08-10,SJ-08
主体,小分類,NGO・市民団体,BHRRC,SJ-08-11,SJ-08
主体,小分類,NGO・市民団体,Mighty Earth,SJ-08-12,SJ-08
主体,小分類,NGO・市民団体,Rainforest Action Network,SJ-08-13,SJ-08
主体,小分類,NGO・市民団体,Human Rights Watch,SJ-08-14,SJ-08
主体,小分類,NGO・市民団体,Oxfam,SJ-08-15,SJ-08
主体,小分類,NGO・市民団体,Movendi International,SJ-08-16,SJ-08
主体,大分類,投資家・金融機関,投資家・金融機関,SJ-09,
主体,小分類,投資家・金融機関,機関投資家,SJ-09-01,SJ-09
主体,小分類,投資家・金融機関,資産運用会社,SJ-09-02,SJ-09
主体,小分類,投資家・金融機関,銀行,SJ-09-03,SJ-09
主体,小分類,投資家・金融機関,保険会社,SJ-09-04,SJ-09
主体,小分類,投資家・金融機関,年金基金,SJ-09-05,SJ-09
主体,小分類,投資家・金融機関,信用格付機関,SJ-09-06,SJ-09
主体,小分類,投資家・金融機関,ESG評価機関,SJ-09-07,SJ-09
主体,小分類,投資家・金融機関,証券取引所,SJ-09-08,SJ-09
主体,小分類,投資家・金融機関,投資家連合,SJ-09-09,SJ-09
主体,大分類,研究機関・大学,研究機関・大学,SJ-10,
主体,小分類,研究機関・大学,大学,SJ-10-01,SJ-10
主体,小分類,研究機関・大学,公的研究機関,SJ-10-02,SJ-10
主体,小分類,研究機関・大学,民間研究機関,SJ-10-03,SJ-10
主体,小分類,研究機関・大学,シンクタンク,SJ-10-04,SJ-10
主体,小分類,研究機関・大学,学会,SJ-10-05,SJ-10
主体,小分類,研究機関・大学,専門家ネットワーク,SJ-10-06,SJ-10
主体,大分類,メディア・データ提供機関,メディア・データ提供機関,SJ-11,
主体,小分類,メディア・データ提供機関,一般メディア,SJ-11-01,SJ-11
主体,小分類,メディア・データ提供機関,業界専門メディア,SJ-11-02,SJ-11
主体,小分類,メディア・データ提供機関,通信社,SJ-11-03,SJ-11
主体,小分類,メディア・データ提供機関,データプロバイダー,SJ-11-04,SJ-11
主体,小分類,メディア・データ提供機関,ニュースアグリゲーター,SJ-11-05,SJ-11
主体,小分類,メディア・データ提供機関,調査会社,SJ-11-06,SJ-11
主体,小分類,メディア・データ提供機関,コンサルティング会社,SJ-11-07,SJ-11
地域,大分類,グローバル,グローバル,RG-01,
地域,大分類,超国家・経済圏,超国家・経済圏,RG-02,
地域,小分類,超国家・経済圏,EU,RG-02-01,RG-02
地域,小分類,超国家・経済圏,EEA,RG-02-02,RG-02
地域,小分類,超国家・経済圏,ASEAN,RG-02-03,RG-02
地域,小分類,超国家・経済圏,APEC,RG-02-04,RG-02
地域,小分類,超国家・経済圏,G7,RG-02-05,RG-02
地域,小分類,超国家・経済圏,G20,RG-02-06,RG-02
地域,大分類,地域圏,地域圏,RG-03,
地域,小分類,地域圏,北米,RG-03-01,RG-03
地域,小分類,地域圏,中南米,RG-03-02,RG-03
地域,小分類,地域圏,欧州,RG-03-03,RG-03
地域,小分類,地域圏,中東,RG-03-04,RG-03
地域,小分類,地域圏,アフリカ,RG-03-05,RG-03
地域,小分類,地域圏,APAC,RG-03-06,RG-03
地域,小分類,地域圏,東アジア,RG-03-07,RG-03
地域,小分類,地域圏,東南アジア,RG-03-08,RG-03
地域,小分類,地域圏,南アジア,RG-03-09,RG-03
地域,小分類,地域圏,オセアニア,RG-03-10,RG-03
地域,大分類,国,国,RG-04,
地域,小分類,国,日本,RG-04-01,RG-04
地域,小分類,国,米国,RG-04-02,RG-04
地域,小分類,国,英国,RG-04-03,RG-04
地域,小分類,国,フランス,RG-04-04,RG-04
地域,小分類,国,ベトナム,RG-04-05,RG-04
地域,小分類,国,インド,RG-04-06,RG-04
地域,小分類,国,オーストラリア,RG-04-07,RG-04
地域,小分類,国,タイ,RG-04-08,RG-04
地域,小分類,国,スペイン,RG-04-09,RG-04
地域,小分類,国,中国,RG-04-10,RG-04
地域,小分類,国,シンガポール,RG-04-11,RG-04
地域,小分類,国,ドイツ,RG-04-12,RG-04
地域,小分類,国,イタリア,RG-04-13,RG-04
地域,小分類,国,カナダ,RG-04-14,RG-04
地域,小分類,国,メキシコ,RG-04-15,RG-04
地域,小分類,国,ブラジル,RG-04-16,RG-04
地域,小分類,国,インドネシア,RG-04-17,RG-04
地域,小分類,国,マレーシア,RG-04-18,RG-04
地域,小分類,国,韓国,RG-04-19,RG-04
地域,小分類,国,ニュージーランド,RG-04-20,RG-04
地域,小分類,国,オランダ,RG-04-21,RG-04
地域,小分類,国,ベルギー,RG-04-22,RG-04
地域,小分類,国,スイス,RG-04-23,RG-04
地域,小分類,国,アイルランド,RG-04-24,RG-04
地域,小分類,国,デンマーク,RG-04-25,RG-04
地域,小分類,国,スウェーデン,RG-04-26,RG-04
地域,小分類,国,ノルウェー,RG-04-27,RG-04
地域,小分類,国,フィンランド,RG-04-28,RG-04
地域,小分類,国,オーストリア,RG-04-29,RG-04
地域,小分類,国,ポーランド,RG-04-30,RG-04
地域,小分類,国,ポルトガル,RG-04-31,RG-04
地域,小分類,国,南アフリカ,RG-04-32,RG-04
地域,大分類,州・自治体,州・自治体,RG-05,
地域,小分類,州・自治体,California,RG-05-01,RG-05
地域,小分類,州・自治体,New York,RG-05-02,RG-05
地域,小分類,州・自治体,Texas,RG-05-03,RG-05
地域,小分類,州・自治体,Washington,RG-05-04,RG-05
地域,小分類,州・自治体,Oregon,RG-05-05,RG-05
地域,小分類,州・自治体,Colorado,RG-05-06,RG-05
地域,小分類,州・自治体,Massachusetts,RG-05-07,RG-05
地域,小分類,州・自治体,Illinois,RG-05-08,RG-05
地域,小分類,州・自治体,Florida,RG-05-09,RG-05
地域,小分類,州・自治体,District of Columbia,RG-05-10,RG-05
記事種別,大分類,規制・法律,規制・法律,AT-01,
記事種別,小分類,規制・法律,法案,AT-01-01,AT-01
記事種別,小分類,規制・法律,法律,AT-01-02,AT-01
記事種別,小分類,規制・法律,政令,AT-01-03,AT-01
記事種別,小分類,規制・法律,省令,AT-01-04,AT-01
記事種別,小分類,規制・法律,規則,AT-01-05,AT-01
記事種別,小分類,規制・法律,施行規則,AT-01-06,AT-01
記事種別,小分類,規制・法律,実施細則,AT-01-07,AT-01
記事種別,小分類,規制・法律,ガイダンス,AT-01-08,AT-01
記事種別,小分類,規制・法律,政策方針,AT-01-09,AT-01
記事種別,小分類,規制・法律,パブリックコメント,AT-01-10,AT-01
記事種別,小分類,規制・法律,規制案,AT-01-11,AT-01
記事種別,小分類,規制・法律,規制改定,AT-01-12,AT-01
記事種別,小分類,規制・法律,施行開始,AT-01-13,AT-01
記事種別,小分類,規制・法律,適用延期,AT-01-14,AT-01
記事種別,小分類,規制・法律,行政処分,AT-01-15,AT-01
記事種別,小分類,規制・法律,監督・調査,AT-01-16,AT-01
記事種別,小分類,規制・法律,判決,AT-01-17,AT-01
記事種別,小分類,規制・法律,訴訟,AT-01-18,AT-01
記事種別,小分類,規制・法律,和解,AT-01-19,AT-01
記事種別,大分類,企業活動,企業活動,AT-02,
記事種別,小分類,企業活動,目標設定,AT-02-01,AT-02
記事種別,小分類,企業活動,目標改定,AT-02-02,AT-02
記事種別,小分類,企業活動,目標撤回,AT-02-03,AT-02
記事種別,小分類,企業活動,KPI更新,AT-02-04,AT-02
記事種別,小分類,企業活動,進捗報告,AT-02-05,AT-02
記事種別,小分類,企業活動,戦略発表,AT-02-06,AT-02
記事種別,小分類,企業活動,投資,AT-02-07,AT-02
記事種別,小分類,企業活動,設備導入,AT-02-08,AT-02
記事種別,小分類,企業活動,製品・サービス,AT-02-09,AT-02
記事種別,小分類,企業活動,技術導入,AT-02-10,AT-02
記事種別,小分類,企業活動,調達方針,AT-02-11,AT-02
記事種別,小分類,企業活動,サプライヤー施策,AT-02-12,AT-02
記事種別,小分類,企業活動,提携,AT-02-13,AT-02
記事種別,小分類,企業活動,買収・売却,AT-02-14,AT-02
記事種別,小分類,企業活動,組織変更,AT-02-15,AT-02
記事種別,小分類,企業活動,情報開示,AT-02-16,AT-02
記事種別,小分類,企業活動,認証取得,AT-02-17,AT-02
記事種別,小分類,企業活動,取組事例,AT-02-18,AT-02
記事種別,小分類,企業活動,キャンペーン,AT-02-19,AT-02
記事種別,大分類,基準・イニシアチブ,基準・イニシアチブ,AT-03,
記事種別,小分類,基準・イニシアチブ,基準策定,AT-03-01,AT-03
記事種別,小分類,基準・イニシアチブ,基準改定,AT-03-02,AT-03
記事種別,小分類,基準・イニシアチブ,フレームワーク策定,AT-03-03,AT-03
記事種別,小分類,基準・イニシアチブ,ガイドライン,AT-03-04,AT-03
記事種別,小分類,基準・イニシアチブ,認定,AT-03-05,AT-03
記事種別,小分類,基準・イニシアチブ,評価方法改定,AT-03-06,AT-03
記事種別,小分類,基準・イニシアチブ,共同宣言,AT-03-07,AT-03
記事種別,小分類,基準・イニシアチブ,加盟・参加,AT-03-08,AT-03
記事種別,小分類,基準・イニシアチブ,離脱,AT-03-09,AT-03
記事種別,小分類,基準・イニシアチブ,目標設定,AT-03-10,AT-03
記事種別,小分類,基準・イニシアチブ,進捗報告,AT-03-11,AT-03
記事種別,大分類,国際政策・研究,国際政策・研究,AT-04,
記事種別,小分類,国際政策・研究,政策提言,AT-04-01,AT-04
記事種別,小分類,国際政策・研究,国際合意,AT-04-02,AT-04
記事種別,小分類,国際政策・研究,統計,AT-04-03,AT-04
記事種別,小分類,国際政策・研究,研究報告,AT-04-04,AT-04
記事種別,小分類,国際政策・研究,科学的評価,AT-04-05,AT-04
記事種別,小分類,国際政策・研究,シナリオ分析,AT-04-06,AT-04
記事種別,小分類,国際政策・研究,リスク評価,AT-04-07,AT-04
記事種別,小分類,国際政策・研究,市場分析,AT-04-08,AT-04
記事種別,小分類,国際政策・研究,将来予測,AT-04-09,AT-04
記事種別,大分類,調査・提言,調査・提言,AT-05,
記事種別,小分類,調査・提言,調査報告,AT-05-01,AT-05
記事種別,小分類,調査・提言,企業評価,AT-05-02,AT-05
記事種別,小分類,調査・提言,ランキング,AT-05-03,AT-05
記事種別,小分類,調査・提言,ベンチマーク,AT-05-04,AT-05
記事種別,小分類,調査・提言,スコアリング,AT-05-05,AT-05
記事種別,小分類,調査・提言,提言,AT-05-06,AT-05
記事種別,小分類,調査・提言,キャンペーン,AT-05-07,AT-05
記事種別,小分類,調査・提言,批判・告発,AT-05-08,AT-05
記事種別,小分類,調査・提言,意識調査,AT-05-09,AT-05
記事種別,小分類,調査・提言,事例研究,AT-05-10,AT-05
記事種別,大分類,データ更新,データ更新,AT-06,
記事種別,小分類,データ更新,API更新,AT-06-01,AT-06
記事種別,小分類,データ更新,データセット更新,AT-06-02,AT-06
記事種別,小分類,データ更新,統計更新,AT-06-03,AT-06
記事種別,小分類,データ更新,指標更新,AT-06-04,AT-06
記事種別,小分類,データ更新,ダッシュボード更新,AT-06-05,AT-06
記事種別,小分類,データ更新,データ訂正,AT-06-06,AT-06
記事種別,小分類,データ更新,方法論更新,AT-06-07,AT-06
記事種別,大分類,ニュース・分析,ニュース・分析,AT-07,
記事種別,小分類,ニュース・分析,ニュース,AT-07-01,AT-07
記事種別,小分類,ニュース・分析,解説,AT-07-02,AT-07
記事種別,小分類,ニュース・分析,分析,AT-07-03,AT-07
記事種別,小分類,ニュース・分析,オピニオン,AT-07-04,AT-07
記事種別,小分類,ニュース・分析,インタビュー,AT-07-05,AT-07
記事種別,小分類,ニュース・分析,特集,AT-07-06,AT-07
記事種別,小分類,ニュース・分析,イベント報告,AT-07-07,AT-07
記事種別,小分類,ニュース・分析,速報,AT-07-08,AT-07
記事種別,大分類,公表資料,公表資料,AT-08,
記事種別,小分類,公表資料,プレスリリース,AT-08-01,AT-08
記事種別,小分類,公表資料,年次報告書,AT-08-02,AT-08
記事種別,小分類,公表資料,サステナビリティ報告書,AT-08-03,AT-08
記事種別,小分類,公表資料,統合報告書,AT-08-04,AT-08
記事種別,小分類,公表資料,ESGデータ集,AT-08-05,AT-08
記事種別,小分類,公表資料,有価証券報告書,AT-08-06,AT-08
記事種別,小分類,公表資料,政策文書,AT-08-07,AT-08
記事種別,小分類,公表資料,会議資料,AT-08-08,AT-08
記事種別,小分類,公表資料,議事録,AT-08-09,AT-08
記事種別,小分類,公表資料,FAQ,AT-08-10,AT-08
記事種別,大分類,複合,複合,AT-09,
記事種別,小分類,複合,総合ニュースページ,AT-09-01,AT-09
記事種別,小分類,複合,検索結果ページ,AT-09-02,AT-09
記事種別,小分類,複合,ニュースアグリゲーター,AT-09-03,AT-09
記事種別,小分類,複合,複合データベース,AT-09-04,AT-09
